0,1,2,3,4,5,6,7,8,9,10,11,12,13,14,15,16,17,18,19,20,21,22,23,24,25,26,27,28,29,30,31,32,33,34,35,36,37,38,39,40,41,42,43,44,45,46,47,48,49,50,51,52,53,54,55,56,57,58,59,60,61,62,63,64,65,66,67,68,69,70,71,72,73,74,75,76,77,78,79,80,81,82,83,84,85,86,87,88,89
0.003878535,0.0006948293,-0.0030155436,0.0029470988,-0.0038009707,-0.0024056658,0.0080556,0.00036428077,-0.0012121525,0.0008616494,-6.1349324e-06,-0.0038639596,-0.00162392,0.00047821723,-0.0016193386,-0.00079801254,-0.0020506778,-0.0017248999,0.0002975127,0.0010057756,-0.00045987777,-0.00084004115,0.0032061134,-0.0012437698,0.0031660001,0.0031579612,0.0018732091,0.00040964838,-0.003869122,-0.002056721,-0.00593467,-0.000618435,0.006571938,-0.0027561402,0.001954535,-0.0022937108,0.005451931,0.0006535405,-0.0011187344,-0.0056035444,3.7350226e-05,0.0019508456,-0.0012557443,-0.0010422694,0.005191876,0.0017005197,0.00027759266,0.0039779576,-0.000554398,0.005697901,-0.002130854,0.0022283942,9.66948e-05,-6.1473926e-05,0.0033914845,-0.00010723729,0.0039657126,-0.001625188,0.0021346482,0.002619582,-0.0019854528,-0.002386705,-0.0027289425,0.00037048306,0.0020623724,0.00036383895,0.00053068163,0.006092994,-0.003761343,0.00024528577,0.0030668436,0.003977937,-0.0010895784,0.0016992713,0.0026289297,0.002171987,0.0018224501,-0.0015555779,0.002000142,0.0012127116,-0.00019537541,-0.0035782664,0.0014068309,0.0005703477,-0.00209194,-0.0028249116,0.0015615239,-0.00042736903,-0.00087171816,0.002735981
0.002363767,0.0010419947,0.0035308169,-6.472865e-05,-0.001689338,-0.0009831386,-0.0009082992,0.0035914865,0.0006257509,-0.0007607924,0.0019127959,-0.0027667491,0.002564281,0.0026719687,-0.00062711723,-0.0028450128,0.0032085155,-0.00080231525,-0.004089569,-0.0013720525,0.0003491873,6.31472e-05,-0.0006017507,0.0014265205,0.003131109,0.0032822767,0.0007106434,0.0019087696,-0.004225977,-0.00020824965,-0.0018808419,-0.00022312654,0.0038820226,-0.004617271,0.001899686,0.0010918401,-0.0013211527,-0.0018624895,-0.0021323322,0.00058305275,0.0015118244,-0.002567565,-0.00461499,-0.006009251,0.0032586548,-0.003730129,0.0005786608,0.004384265,0.0006130637,0.0052698352,0.0032810462,0.0001616629,-0.0058982624,-0.00021125081,-0.0005405484,0.0011790683,-0.0012638172,-0.0011576919,0.0036494285,-0.0026792872,0.0020348707,-0.0027712507,-0.0004376192,0.0025166248,0.00074378384,0.004539262,0.0016009767,0.0019382846,-0.0036534066,-0.00032857474,-0.00021482173,0.0019546854,-0.0004372068,-0.0037199834,0.00037568356,-0.0009375391,0.004745893,-1.0599998e-05,-0.0006712168,-0.0010762496,-0.00049501867,-0.0030454544,0.005721713,0.0047649224,0.0012381225,-0.0019590145,8.7594744e-05,-0.0032477123,0.00010196126,-0.0016406787
0.0010938124,0.0017745417,0.0038737042,-0.00018687453,-0.0018683076,-0.0024354255,-0.00089450984,0.0012100416,0.00044867044,-0.0008698078,0.0032857421,-0.0012646109,0.00094551645,0.0047182874,-0.0036767176,-0.0021966747,0.0053040036,-0.00094399747,-0.006262707,-0.0034104153,0.0045414036,0.0020628667,0.0019442616,0.0005946527,0.0028941338,-0.0005914218,0.00042244903,0.0034220142,-0.0063391924,-0.0022437163,-0.00023748234,-0.000551379,0.0053446554,-0.0013759447,0.004554304,-0.0013156247,0.00074702787,-5.1662126e-05,-0.0032726016,-0.002986194,-0.00013617054,-0.0016163931,-0.0035028283,-0.007280287,0.0011256783,-0.0020318383,-0.0018847369,0.0078959325,6.977835e-05,0.0060135312,0.002355542,-0.0004004836,-0.0052813753,-0.0008342688,-0.0011787395,0.00065699726,0.0008343249,-0.0028759278,0.001157502,-0.0023471352,0.0008997139,-0.0042809444,-0.0009572793,0.0017279781,0.00041883517,0.001410013,0.0049350895,0.0021163486,-0.0021215985,0.0038655843,0.003929927,0.002610815,-0.0022523806,-0.004381208,-0.0016500383,-0.0013293541,0.0040085525,0.0013549445,-0.00088055496,-0.0018435203,4.6390243e-05,-0.0040590866,0.0040025264,0.002090212,-0.0017999868,0.0003703638,0.0037288833,-0.000278309,-0.0007959962,-0.0007005855
-0.0009113694,0.0018805339,0.0029112652,-0.001301275,-0.0007727777,-0.00025359137,0.0007446443,0.0017378674,0.0023363435,-0.00020691745,0.004894735,-0.0058247484,-0.0018060919,0.0050561507,-0.0017858669,-0.0035660295,0.003536537,-0.0002938705,-0.0012930954,0.001173328,-0.0019444401,0.005520185,0.0018441634,0.00028491594,0.0031095585,0.0012558341,-5.600392e-05,0.002899724,0.000537422,-0.0039281435,-0.0039750263,-0.0014475296,0.0015149768,-0.0038005027,-0.0043354337,-0.0030251779,0.0037616014,0.0020370623,0.0025358715,-0.0031902522,-0.0008194545,-0.0008355653,-0.0008099573,-0.0054048956,0.0016104849,-0.0039612856,-0.00096653897,0.0023685864,0.0012634642,0.0044842493,-0.004460046,0.00095495844,0.0005760717,0.000589468,-0.0020498072,0.002144127,0.0019639751,-0.00053280685,-0.0024821905,0.0011852757,-0.0032912428,-0.0047192327,-0.0019456543,-0.005060779,-0.0009607601,0.00074550795,-0.0026213974,-0.0039399257,-0.0063756877,0.0013147751,0.002731615,0.0033621127,0.0011816126,-1.340732e-05,-0.0013894864,-0.0024030593,0.0033240512,-0.0014911682,-0.004193938,-0.0014682637,0.00025415292,-0.0030667558,0.001368496,-0.003943719,-0.0009596138,0.00086452096,0.002793301,0.0011885258,0.0017523101,-0.001352656
0.0022772423,0.0014902627,0.0015397005,0.00049208663,0.0006165737,-0.00081942935,-0.00026665902,-0.0003018765,-0.0021448354,-0.0014381475,0.0018465066,-0.002614631,0.0017749079,0.0027432607,-0.002092736,0.0034276873,0.0021567459,-0.004357939,-0.0058832066,-0.0032904071,0.0033969614,-0.0026386748,2.7750884e-05,0.003133397,-0.0003817094,0.0023296163,0.0025864784,6.063775e-06,-0.0050822482,-0.0036374766,0.0008565706,-0.0020513919,0.006679635,0.0014993614,0.0012619998,0.0015336515,-0.002678863,0.0023939759,-0.0029590025,-0.0014365608,0.0012124343,-0.00031261126,-0.00039563634,-0.0054690293,0.0010390399,-0.0032353248,0.0011124293,0.0070718355,0.0003440674,0.004488462,0.0012241479,0.0011881713,-0.0066318065,-0.0013954139,0.0020086316,0.00049446087,0.0012660982,-0.005247951,-0.0017998802,0.0030918454,-0.000104065555,-0.002025727,-0.0011415215,-0.0010645373,0.0006340412,0.001731167,0.0020475094,-0.0007633935,-0.002052583,0.0027435215,0.0015964098,0.0009830745,-0.002123521,-0.0007917611,-0.0027359107,-0.0017608292,0.0016181146,-0.0028304416,-0.0010783647,-0.0021270022,-0.00036145953,-0.0034483264,0.006674013,0.0026200009,-0.00059027877,0.0011962623,0.0011554544,-0.0011028642,-0.0027240212,0.0009928949
-0.0016119451,0.0011477272,0.0045110346,-0.0017675319,0.0019372486,-0.002083705,-0.0020794582,-0.0035003636,1.7197286e-05,-0.0032224013,0.0028993113,1.941924e-06,0.00286779,-0.0022191794,-0.0015246897,-0.000772894,0.00019727804,0.0014114216,-0.004552703,-0.00088249403,0.001274188,0.0008657976,0.0011887819,0.0041900356,0.0012151444,0.0033460527,0.00044779934,0.0035723755,-0.0029939434,-0.0015364381,-0.002106784,-0.002421654,0.0036405723,-0.0025257315,0.0043079713,-0.0015745831,0.0014148824,0.0006222567,-0.0043918267,-0.0025700412,-0.0025815775,-0.0004513198,-0.0028666903,-0.003708576,0.005029263,-0.00020899152,0.0036485265,0.0019205353,-0.0021110727,0.0003990185,-0.002067193,-0.0027641703,-0.0054848087,-0.00079250726,-0.00454261,-0.0009290094,0.00028284345,0.000492368,-0.0018082695,0.0008738327,-0.002092083,-0.0020653487,0.00028977415,0.0035903777,-0.0017572207,-0.00030791663,0.001622713,0.001860617,-0.0054041254,0.0013498364,-6.1823004e-05,-8.18258e-05,-0.0017543169,-0.0052690483,0.0007528552,-0.0041771596,-0.0010872616,0.00070284004,-0.0012290877,-0.0006094731,0.0009813551,-0.0045439466,0.0014522007,0.0037718096,-0.0010485301,0.0026171384,0.003974451,0.0022379288,0.00037766388,0.00054248975
0.0038181215,0.004185986,0.0038389128,-0.0007508065,-0.0038044814,-0.0015606266,-0.00082387147,0.0012982072,-0.0034026976,0.0012682519,0.0023699475,-0.0029407612,-0.00013634718,0.0016763158,-0.0035301363,0.0011417189,0.0010474799,0.0034310485,-0.0022231424,-0.001596272,-0.0003335142,0.001778453,0.0018981901,0.0023553644,0.006181448,0.0023708006,-0.0004784785,0.0014138507,0.004079629,-0.002227988,-0.0067142393,-0.00029575214,0.0021422824,-0.0056316084,-0.0002040858,-0.0011645957,0.0014564012,0.0026947267,-0.0011655492,-0.0019914955,0.0005398405,-0.0006831952,-0.0013286694,-0.0022068757,0.002155334,-0.0021583156,-0.0028106496,0.00403069,-0.0004671033,0.0035156552,-0.0028667885,0.0004853412,-0.0009036879,-0.002094509,-0.003121481,-0.00019974285,0.0045379917,-0.0016189283,0.00052764616,0.0024841838,-0.002627465,-0.0010691042,-0.0037127126,-0.0050551225,0.00020920283,-0.0004624561,0.0037887034,0.00333383,-0.0036964493,0.00029062052,0.0024159458,0.0021012877,-0.00062374864,0.00011371697,-0.0008740089,0.00024196952,0.0020562767,-0.00026203057,-0.0020676246,-0.001926926,-0.002563439,0.0019014189,-0.0034252536,-0.0010106573,-0.0029518118,9.745386e-05,0.0044629266,-0.00037458734,0.00092796,-0.00044638873
0.0021945261,-0.00017103717,0.0020360865,0.000408447,0.00089528074,-0.0031519241,-0.0005758822,9.9195284e-05,-6.322749e-05,-0.0030949246,0.00042149663,-0.00239823,0.0022596,0.0021612206,-0.00023380289,-0.0023250214,0.0011178456,0.003454,-0.0025792196,0.0004096108,0.0032800194,-0.001920047,0.0014728478,-3.4892466e-05,0.0009673419,0.0014048655,0.0024620944,0.004203662,-0.003003489,-0.00325984,-0.0021217945,-0.00056372414,0.0043221936,-0.0016872003,0.004880579,-0.0017487193,0.00075339526,0.0016233935,-0.004152435,0.0009374431,0.0013165802,-0.00064909464,-0.0054734927,-0.005322258,0.001244768,-0.0014551622,0.0012171444,0.0037890011,-0.001727165,0.004481103,0.0022626007,-0.0018055092,-0.005261945,0.000946158,-0.0015553172,-0.0010956984,0.0016283137,0.002382257,0.0013733872,0.00062803156,0.004301903,-0.0022604398,-0.0009335567,0.0034023034,-0.00096975843,0.00042120586,0.00029968243,0.0011610924,-0.0049546435,0.0014034074,0.0040820576,0.0015130574,-0.002586734,-0.0020104446,0.00038144877,-0.0006587735,0.003292495,-0.00029238715,-0.0020683648,-0.0028010453,0.0021550795,-0.0015740199,0.0053405436,0.00076155714,-0.0020267165,-0.00016561899,9.487389e-05,-0.0006049049,0.0027701103,-0.001421619
-0.0011075998,0.0021611035,0.00031659176,-0.00053890725,0.0012745854,-0.005236026,-0.0003805948,0.0012769474,-0.0016767741,-0.002358756,-0.00045725098,0.0004935682,-0.0008707668,0.0033512297,0.0010024479,-0.0007311223,0.0016952443,0.0016498206,-0.0028119492,0.00034404953,-0.0002731732,0.0027435792,0.00017871096,0.0026794327,0.0055165584,-0.0003305323,0.0007642427,0.0049998285,-0.00224356,-0.0025317757,-0.0013435266,-0.0009522659,0.0062203165,-0.0013336318,0.0023260182,-0.0011035891,0.00013572967,-0.0007850174,-0.0048093423,0.00015852315,-0.0018804905,0.0013709741,-0.0025928728,-0.0032084475,0.0027176205,0.002038975,-8.958473e-05,0.0047432426,0.0011577279,0.0022501387,0.00023300399,-0.00085579045,-0.005703591,-0.00043926522,-0.00054175535,-0.00018928369,-6.3035404e-06,0.0019250108,0.0005700301,-0.0013678337,0.0012192616,-0.0018340058,0.0029146327,0.003875237,-0.00033260835,0.0015141127,0.0014284387,0.002298817,-0.0049221115,0.0016248708,0.0008673676,0.003985155,-0.00426008,-0.006623798,0.002585757,-0.0023463503,0.0018808306,-0.002600065,-0.00035180527,0.00020304881,0.0001518109,-0.0037144937,-0.00019490527,0.0038152854,-0.00013706705,-0.0011806745,-0.00054622267,-0.00027899104,0.0012206347,-0.00093885144
0.0007198023,-0.00019697433,0.0033078946,-0.0018959842,0.0006811182,-0.0015172354,-0.0008652041,8.031039e-05,0.001238964,-0.00210653,0.00014048687,0.0012451056,0.002249109,0.0014053128,-0.0006717285,-0.0027410884,0.0028156864,0.00021618736,-0.0063290163,-0.0025501752,-0.0007067993,0.0012562941,-0.00096262316,0.0020062714,0.0029240425,0.002432148,0.0007848453,0.0029623467,-0.004085048,-0.004200272,-0.0022431922,-0.0017682705,0.0053116903,-0.0019735817,0.004583381,-0.00086297723,0.0037781894,-0.0016805216,-0.0002021666,-0.00012870005,-0.0034965947,-0.0020351622,-0.0019753147,-0.00528026,0.0011302028,-0.00057242834,0.0007239273,0.0042328886,0.0015826002,0.0024041194,0.0043730773,-9.213248e-05,-0.002510319,0.0012955922,-0.0012180869,-0.001592692,0.00037990115,-0.0003891756,0.0003303379,0.001047502,0.00038866725,3.3649874e-05,0.0021595343,0.003642783,0.00147238,0.0031741448,0.0009984201,0.0019630394,-0.0030014422,0.0031881416,0.002988583,0.00019877439,-0.003859856,0.00025658705,0.0003725146,-0.0017001776,0.00071026525,-0.00057360757,-0.0005984629,-0.0018328881,-0.0012906524,-0.0008678851,0.0032402384,0.0057495483,-0.000861694,0.00074014964,0.00091688696,0.0010018656,-0.0009308144,-0.0032666435
0.0017044751,-0.00024223664,0.003093001,0.0013437021,0.00042699196,0.0014315925,-0.000956832,-0.0015162231,-0.0031104507,-0.0017101269,0.0017773213,-0.0003164492,0.003256598,-0.0016668058,-0.0011913812,0.0003143057,0.0025174294,-0.0020424852,-0.004909849,-0.0018652789,-0.0005152384,-0.00013611309,0.0011162169,0.0026413877,0.0019347265,0.00018400603,0.00022364702,0.00040527957,-0.0048675993,-0.002673305,-0.0028328355,-0.0017551193,0.0067561166,-0.0013577684,0.0021530157,-0.0006856329,0.0019981982,0.003011837,-0.0020673044,-5.47613e-05,-0.0011489119,0.0012500633,-0.00078205543,-0.0063623013,0.0024170177,-0.002005114,0.0006348096,0.004645197,-0.0016024404,0.0025366447,0.0023031984,0.0013557387,-0.0059134946,-0.0013569552,0.0034441585,-0.00016962923,0.0034045733,-0.0009883306,-0.0009480724,0.00028469204,0.0005501,-0.0011633467,0.0011931865,0.0032671927,0.00062233466,0.0019925989,0.0015178133,0.00018109352,-0.003209845,0.0031796666,0.0018956729,0.0007839034,-0.0014359546,-0.0012102216,-0.0003334367,-0.0019143093,0.002530921,0.0010198464,-0.0010482762,-0.003717055,-0.00089227385,-0.00094484957,0.0036332454,0.0015517693,-0.003899025,0.0010754899,0.00024813594,0.0007839681,-0.0007905804,-0.003034307
0.0013554326,0.0044949716,0.0031513828,0.002331358,-0.0012905548,0.00035353456,-0.0042525316,-0.00015192106,-0.0005823532,-0.0028004672,0.0018721676,0.00085009495,0.0025566265,-0.0020971904,0.0025977886,9.922058e-05,-7.701462e-05,0.00061441615,-0.002851732,-0.0016785791,0.0017916107,-0.0021895561,-0.0042889267,0.001743757,0.0029004645,-0.0025873557,-0.001686862,-7.017356e-05,-0.005089926,-0.00280311,-0.0035570636,-0.0024978449,0.007326276,-0.0040542358,0.004649721,0.0021485917,-0.0006334553,0.0015858223,-0.00096857036,-0.0029432364,-0.0017962174,-0.00075869134,-0.00388986,-0.003996744,0.0036000777,-0.003365746,0.0003293557,0.0041673044,0.0025534278,0.0028412933,0.0006011356,-0.001946774,-0.0032453449,0.00074152404,-0.001453465,0.0008204719,0.0016165922,-0.0016797374,-0.0005158406,0.003461436,-0.0020089147,-0.00073054497,-1.3794617e-05,-0.0005436142,0.00014469666,0.001672998,0.0015537128,-0.00077091006,-0.002762162,0.00477563,-0.0007387761,0.0031487881,-0.0020692297,-0.0018441094,-0.0036090047,-0.001140884,0.0042214426,-0.0044534532,-0.0010331055,-9.6347714e-05,0.0009999797,-0.0035962237,0.0059116953,0.0013434142,-0.0016480061,0.0010321366,0.00093458535,0.0020176095,-0.0009733285,-0.0021989513
0.0014740089,0.0034048539,0.0012120042,0.00030548606,-0.00459932,0.0011289815,0.002299607,0.0013726125,-0.0038921924,0.002465001,0.0031826943,0.00010554006,-0.00032522553,0.0033140264,0.0008370315,-0.0021685755,0.0038976616,0.001957462,-0.00028625698,-0.000121223275,0.00043480727,0.0009812437,-0.0008370623,0.0019790453,0.008304362,0.0039149844,-0.0015097795,0.0046118903,0.0046103965,-0.005452994,-0.0053837714,-0.0022791268,0.007247638,-0.0016965087,-0.0005804238,0.00061973714,0.0051564137,0.003982986,-0.00079997553,-0.0046175993,0.005267666,0.0031195402,-4.7051657e-05,-0.001786733,0.00036619956,-0.0025199635,0.0027518414,0.002468395,-0.003020092,0.0061075054,0.000691751,0.0041343174,0.0020007442,-0.0033541368,0.00043727658,-0.0015704358,0.0064938907,0.000838992,0.002614843,-0.004406935,0.0009707382,-0.004706575,-0.0076445104,-0.00648758,-0.0018469753,0.002725522,0.004747979,-0.0005439915,0.0001340104,0.0003033102,0.0034462074,0.0039069615,0.00084945286,-0.0010323426,-0.0022325602,0.0015853798,0.00266953,-0.0042224717,0.0027507849,-0.0032218501,-0.003573381,-0.0003882053,-0.00072131446,-0.0026771028,-0.0030226095,-0.0005822073,0.00784533,0.003788016,0.00010123624,0.0033084976
0.0006109061,0.0007371582,0.004792376,0.00077051664,0.00043967407,-0.0029291117,-0.0010326391,0.0016082646,0.001486587,-0.0029701798,0.0037499487,-0.0024536229,0.00045659527,0.0037213382,-0.0033582617,-0.0017273258,0.003423736,-0.0014954743,-0.0046765655,-0.00409725,0.0029325592,0.0026842153,0.00038260987,0.0006538487,0.004389291,0.002135863,0.00010833387,0.00600885,-0.004548633,-0.004218295,-0.00038402408,-0.0017607295,0.006500922,-0.001775249,0.004564993,-0.0013254121,-0.00033276647,-0.0008720005,-0.0024314006,-0.0019600936,-0.0004899274,-0.0012455452,-0.00073729653,-0.0070487666,0.0024376006,-0.0022787915,0.00021151334,0.006830487,0.0008214718,0.005867526,5.4095606e-05,-0.001488726,-0.0071634976,-9.969183e-05,0.0013994201,0.0007044045,0.0012074991,-0.00079798925,0.0013392086,-0.0023977733,0.00043915733,-0.0047743395,0.0010882239,0.0046742395,0.000622103,0.003252392,0.0053742784,0.0034041957,-0.0025816294,0.00410782,0.0015784635,0.0027455299,-0.00019948209,-0.0031984963,0.00057823973,-0.00039801357,0.0047424575,0.0012245505,0.0009992281,-0.0024588606,0.0020284404,-0.0024162736,0.004302664,0.0030806118,-0.00086695544,0.0023170765,0.0021867899,1.816631e-05,-0.0006664502,-0.0008301999
0.0033480502,0.0023871618,0.002490829,-0.0016398865,-0.004879486,-0.0017167566,0.00041788508,0.0031670996,-0.0003030438,-0.0024103061,-0.0012122631,-0.004379604,-0.0044620214,0.003120132,-0.00020792121,0.0005563193,0.0007543628,0.0027487525,-0.0016664129,-0.000109397995,-0.000921076,0.007624836,0.0022307134,0.0004891312,0.00533861,0.0038400374,0.00012965765,0.00045770602,0.00027201808,-0.005264635,-0.007378104,-0.00040929514,0.0024994803,0.00037040206,-0.001689142,-0.002725793,0.005950537,0.00042726294,0.0008962544,-0.002760183,0.001788583,-0.0008531843,-0.0012384184,-0.005282669,0.004190695,-0.005643717,0.0002962267,-9.875074e-05,0.0030417382,0.003011545,0.0010381702,-0.0028512985,0.0019113284,-0.0015418252,-0.0009142233,-3.9093197e-06,0.0031563353,-0.00134302,-0.0011689757,-0.00020421967,-0.001220877,-0.0034405713,-0.0011535481,-0.007245162,-0.0013604576,-0.0011094095,0.0011027635,-0.0016645447,-0.0025505596,0.003869035,-0.001431013,0.00015653335,0.002219399,-0.0013450353,-0.0020756382,-0.0032269328,0.0032142282,-0.0004029939,0.0005427232,-0.001366059,0.0017001467,-0.00274815,0.00026312564,0.001693855,-0.0037464506,0.0014219932,0.0038760765,0.0017848581,-0.0008820867,0.0023794523
-0.0026298312,0.0018180491,0.0003161176,0.0028261007,0.0014861241,-0.0018132427,0.002403711,0.0022669416,-0.0027186219,-0.0030696155,0.0017072738,-0.0008466176,0.0008962309,0.00059669395,0.00014784472,-0.0012040685,0.003534269,0.0017288468,-0.0032935627,-0.0016510006,-0.0020305184,-0.00046333787,-0.0010123434,0.0016956656,0.0025236416,0.0026082252,0.0008054314,0.0042016325,-0.0034012177,-0.0014012133,-0.0010694978,-0.0014193666,0.004554861,-0.0020486694,0.00061882974,-0.00017999712,-0.0005695346,0.0027403191,-0.0030734409,0.0012855667,-0.00037828222,0.0003557941,-0.0011331486,-0.0031132337,0.0018665827,-0.00020317364,0.00072051375,0.0024699657,0.00032577338,0.0050926534,-0.000694567,0.00028129708,-0.00271945,0.0031472032,0.0028112698,-0.0010945157,0.00059031736,-0.000113061105,0.0030603826,0.0007223709,0.00035617905,-0.0009854679,0.0011495552,0.00202914,-0.0018675096,0.0018427892,-0.00094437064,0.0012002933,-0.0003492704,-0.000834585,0.0019499818,0.003617548,-0.0018861182,-0.0063740127,0.0006674505,0.00081989664,0.0015060969,-0.0018549415,-0.002614599,0.0012242988,0.0003427541,-0.00217407,0.0010960372,0.0024976523,-0.0011637062,-0.0018782868,-0.0002481239,0.0013301738,-0.0013401636,0.002664608
0.002798747,0.0016638848,0.0014014803,0.00077905087,0.0025025357,-0.0015485818,0.001328855,0.0005138722,-0.00018561086,-0.0019262566,6.0713985e-05,-0.0022568062,0.0027757701,0.0022692808,-0.0017459169,-0.00061389693,0.0042546946,0.000115773575,-0.004814421,-0.0020020318,0.0015742081,0.0026842088,0.001930405,0.0019132058,0.0052570035,0.0026180816,0.003658244,0.0049482523,-0.0050430894,-0.0021426713,-0.0009707231,0.00029012494,0.00709033,-0.00048455357,0.00214489,0.0015418517,-0.001419139,-0.00098479,-0.0023093887,0.0015986197,-0.0008154476,-0.0018491753,-9.336629e-05,-0.004836127,0.0018358858,-0.0013108242,0.0020887519,0.0054633683,6.4375075e-05,0.0060135494,0.0024394046,9.377826e-05,-0.007175147,0.00074331294,0.0015027247,0.0018454118,-0.00043988912,-0.00027419854,0.0034807934,0.0012226142,0.0024026432,-0.0055177836,0.0012198687,0.0008284568,0.00091123104,-0.0003983551,0.0037196802,-0.00018909799,-0.0026430667,-0.0009681258,0.0028687834,0.0034880715,-0.0014043266,-0.004367015,-0.0010184499,-0.0020312553,0.0021922456,0.00013763523,-0.0014300498,-0.0017412419,0.00018880141,-0.0008291005,0.0015834585,0.004545051,-0.003386102,-0.00080957066,0.0024234478,0.0001197909,-0.001990622,-0.0023811203
-0.0007736601,0.0016492204,0.0031111299,-0.0007507511,-0.0045989095,0.0014412691,0.0010193845,0.002318635,-0.0016156301,0.0014337021,-0.0011598114,0.00019761854,-0.0010737161,-0.0006901409,-0.0030615705,-0.00059140165,-0.0020532766,-0.0014997014,-0.0020351831,-0.00032010846,0.003495738,0.0010857426,0.004775226,0.000926882,0.0016187622,0.00030494065,0.0010263307,0.0017815435,0.0023597318,-0.005363442,-0.004858885,-6.478321e-05,0.0059503294,-0.0049023605,-8.4780004e-05,0.0007507151,0.00042443402,0.0018899002,-0.0016450629,-0.0011166132,0.003592612,0.0024716132,-0.0016006979,-0.0009544113,0.0037609737,-0.00032143507,0.0003765409,0.002046569,0.0011121065,0.0006350422,0.0011530789,-0.00012510177,-0.000911378,0.00019381431,-0.002575306,0.0010182215,0.0014951712,-0.0023047274,-0.00035488053,-0.00018181346,-0.0029156704,-0.0013304687,-0.005568663,-0.0014978418,0.0028918614,-0.0010963206,0.0024238438,0.00058508717,-0.0014553756,0.00021256343,0.0024389748,0.0032672796,0.002335409,0.00021951007,0.00018913878,0.00041044527,0.002523701,-0.004627477,-0.00077180285,-0.0027622017,-0.0008627554,0.0008376346,0.0005992443,0.0013669877,-0.002424086,0.003366364,-1.1367856e-05,0.002694296,0.0014452996,-6.6184635e-05
0.0006628983,0.0005056236,0.00017211115,0.00024939908,0.0012460222,-0.0016648374,0.0018855786,0.0035443876,0.001367362,-0.002693601,0.0008338082,0.0010245716,0.0009175397,0.004715642,0.0017887126,-0.0013373417,0.001544513,0.001942587,-0.00067780446,-0.0018800923,-0.00050898147,0.0009202124,-0.0004035608,0.0023397622,0.0020128025,0.0028006623,-0.0017433196,0.003254121,0.0008581479,0.00016769161,-0.0022402827,-0.003320743,0.0012007928,-0.0011217605,0.0027000376,-0.0030513068,0.0030150176,0.00015468424,-0.00013802513,-0.0029198206,-0.0031649915,0.00024224275,-0.0047970396,-0.0035836052,0.0020616394,0.0031040662,0.00016975992,0.0037064042,0.0025054258,0.003166255,0.00072929956,-0.0004650522,-0.0040496998,-0.0011514835,0.00026611506,0.0009644848,-0.0013013054,0.002846604,0.0033376806,-0.00096159324,-0.000119653916,0.00046692396,0.0013705933,0.002743332,-0.0037724157,0.00089159486,6.653884e-05,0.002161766,-0.0036474077,0.0022163743,0.0018773302,0.0012017292,-0.00023290432,-0.0039255586,0.0013408953,-0.0019779464,0.0002920913,0.002974854,-0.0040088682,-0.0006940876,-0.00061104924,-7.3259616e-05,0.0010429599,0.0021603522,0.00024263767,-0.0010029763,0.00011715572,-0.0020882618,0.0011748775,-0.0010898174
0.0023629533,0.0014486144,0.0013071476,0.0014031939,-0.0009419732,0.001511887,0.0009178937,-0.0014159427,-0.003629946,-0.0030565304,0.0015564596,-0.0009601326,0.002828897,-0.0022487585,-0.0013991963,0.0017165332,0.0043341764,-0.0038199842,-0.00628191,-0.0043610334,0.002214919,-0.0009252948,-0.0026367959,0.0012283603,0.0018053293,0.0012995839,0.00079851656,0.0011467998,-0.0037963262,-0.0006372635,-0.0010094857,-0.0024949196,0.0076548737,-0.0015081055,0.002143139,0.00080789806,-0.0016115333,-0.0003694272,-0.0034357081,0.0018620673,-0.0019744567,0.00011777424,-0.0018763124,-0.0019487008,0.0029110475,-0.0033799412,-0.00056084944,0.0053447476,0.00010815624,0.0043011745,0.0029619038,-0.00011386257,-0.006187273,-0.00032135652,0.0016958829,0.00015776977,0.005399339,-0.0018784516,-0.00021531613,-0.00059234514,0.0014178505,-0.0020257586,-0.002005065,-0.0008779636,0.0002135284,0.0021454215,0.002113564,-0.0022747614,-0.002566613,0.0031734584,0.0031041955,0.0010954438,0.000988795,-0.0015458956,-0.00046187913,-0.0007690863,0.00048278004,-0.0014594606,-0.0004773546,-0.0033154963,-0.0009903951,-0.0011732405,0.005800341,0.0027817045,-0.0013653563,-0.0014694507,0.0013597226,-0.0017834543,0.0002084925,-0.00017230929
-0.00010859523,0.00054580736,0.0018426657,0.0017881558,-0.0017349368,-0.0012034804,-0.002200505,-0.0030058534,-0.0014350652,-0.0027445066,0.0026952901,-0.0006717712,0.0012316314,-0.0020834561,-0.0011007129,0.0019506202,0.0019477733,-0.0014061156,-0.0017094638,-0.00091223087,-0.002405036,-0.003517424,-0.0018123495,9.841734e-05,0.0044917036,0.0015276705,-0.0022475992,0.0017756729,-0.0024770163,-0.0021193111,-0.0017474277,-0.003133541,0.0063334787,-0.0011390195,0.0010268376,-0.002999695,0.003353824,-0.00072790304,-0.004271679,-0.0037812998,0.0009519097,0.0020686574,-0.002244785,-0.0012671351,0.005892839,-0.0026821934,0.001361089,0.0061297477,0.0006111073,0.004777344,3.254402e-05,8.947216e-06,-0.003748061,-0.0035282506,-0.00040708226,-0.0022126958,0.0023253546,-0.0017808909,0.00026259734,0.0013124825,-0.0017483383,-0.0025306293,-0.0014232188,-0.0016952511,-0.000934881,0.0014318681,0.0007010585,0.0013744291,-0.00079072494,0.001003318,0.00026819523,0.0023275153,0.0005060168,-0.00012862578,-0.0024244136,-0.0006703312,0.0021031112,-0.0031946485,0.0007272535,-0.0020739743,0.002033074,-0.0025290519,0.003383814,0.0014933597,-0.0024816627,0.00015673848,0.0013174184,0.00017271063,-0.00016250432,-0.0015019958
0.0034395216,-0.0031004292,0.0016768117,-0.0005086557,-0.0004453695,0.0029852167,0.0018458802,0.0019713196,0.0020177537,-0.0013733848,0.0028718694,-0.001943362,-0.0005565897,-0.0011678602,0.0025064568,0.00081627705,0.0006145897,-0.0031162847,0.0004536266,-0.004189533,0.00030271616,-0.0012662051,0.006944227,0.0042169853,0.0013971059,0.004720006,-0.0017945295,0.0039669373,0.0011993038,-0.0038852596,-0.0014996796,-0.00233588,6.3217514e-05,0.0018077547,0.0014352967,-0.0035717862,0.0026470497,-0.0011676102,-0.0011002019,-0.0030637532,0.00067162263,0.005777067,-0.0010571365,-0.002815649,0.0015989132,-0.0011548846,0.0014629938,-0.00032551706,0.0007480229,0.0026311018,0.0008050391,-0.0010039425,0.003967426,0.0035155665,0.00033246394,-0.0007508119,0.0024663936,-0.0012738692,-0.0028395485,0.0041618114,-0.0024173174,0.00020313615,-0.0021022565,-0.0029612978,0.0027199388,0.002028781,0.0007325977,-0.00024399355,-0.005075588,0.00047802195,0.0012806345,0.002237983,0.0019653952,-0.0012119077,0.004577991,0.0005147314,0.00066840276,-0.0039528734,0.00031144507,-0.002120125,-0.0018080944,-0.00056551944,0.0011655383,-0.0048788344,-0.0017012904,0.004018246,0.0029581296,6.5672875e-06,0.0006274837,-0.00019419745
0.0022913197,0.0016046037,0.0026367658,0.0006057176,-0.0017396307,-0.001258693,0.00011983334,0.0019545958,-0.00055555406,-0.0011816381,0.0024081187,-0.0030520563,-0.00014225181,0.0033500742,-0.003323166,-0.00042816266,0.004357831,0.0004736701,-0.005208502,-0.0051882374,0.0031792892,0.0029344505,0.0028741206,0.0025844139,0.0029008037,0.0022010694,0.0017634177,0.0050566862,-0.00460205,-0.004718161,-0.001983457,0.00060410606,0.006011474,-0.0025708934,0.005111237,0.000786128,0.001411623,-0.00021629255,-0.0011805,-0.0031273111,-0.0011968173,-0.0040436517,-0.0011036107,-0.007913763,-0.00038945506,-0.0009305139,-0.0019168884,0.007756245,0.0004370235,0.0039959657,0.00049103156,3.801193e-06,-0.0044476734,-0.0010538907,0.0008504723,0.0017494143,0.0008449584,0.00017698055,-0.00079702184,-0.00133115,-0.00067491777,-0.0039476557,0.0008767972,0.0044381144,0.0006207426,0.0015461408,0.0038842221,0.0036142578,-0.002212139,0.0041762334,0.0014995773,0.00039588506,-0.0002626129,-0.003187719,-0.0009958543,-0.00037795043,0.0033095716,-4.316043e-05,0.000987975,-0.0020374695,0.00013574006,-0.0032071357,0.0032214883,0.0051413015,-0.0015898058,0.0023057747,0.0025484504,0.0017269498,-0.0013317944,0.0005500209
0.0014658119,0.0027663466,0.0025149828,0.0016832805,-0.0013284665,0.0011844353,-0.00016647748,-0.0061027827,-0.0009805171,-0.0009126489,0.002553126,-0.0025112496,-0.00042018958,0.0011975373,-0.002058578,0.0007987642,0.002643329,-0.0020078507,-0.0038778181,-0.0027710786,-0.0018597128,-0.0016190606,-0.0013022688,0.0016772688,0.0015768672,0.0005918273,-0.0022368918,-0.00023542008,-0.00043957794,-0.0018552614,-0.0005947038,-0.0030601912,0.0031497884,-0.0029455265,0.00186094,-0.0037542668,-0.00016242462,0.003069623,-0.0030414823,-0.0031635743,-0.0025941287,-0.0011230761,0.000120145065,-0.0020826831,0.0023752062,-0.0008706118,0.0030034115,0.0034621768,0.0007851726,0.004585205,-0.0006174082,-0.0031198272,-0.0023321481,0.00013828634,-0.0022882782,-0.00055784895,0.0023140342,-0.0033694282,-0.0002794973,0.003526349,-0.0017617419,-0.00084408384,-0.0022062017,-0.0033778755,-0.0021171337,0.00110859,0.0014201289,0.00021453801,-0.0009243478,0.001683211,0.0005115465,0.0009456447,0.00308703,-0.0033496087,-0.0013714288,-0.00060404424,5.868667e-05,-0.001775053,-0.0008813425,-0.0008326008,-6.344964e-05,-0.003691874,0.0011275427,0.0020515963,-0.001803367,0.003144578,0.0006076556,0.0006513933,0.0009112627,-0.00020252587
-0.00049947406,0.0013966856,0.002816118,-0.00047845684,-0.0027594403,-0.0019288559,0.0017199318,-0.0008362703,-0.00050466735,-0.0033892584,0.0024069303,-0.0012842574,-0.002074034,0.0014170741,-0.00296838,-0.0010519198,0.0046802484,-0.0013463775,-0.00023945357,-0.00055970484,0.0027728807,0.0040408615,0.0051777884,0.0019967812,0.002318419,0.0048183356,0.0024585666,0.0029707,3.2560201e-06,-0.0043954654,-0.002934565,0.0019833334,0.0041839974,-0.0012074248,0.0005661327,-0.0011336475,0.0030405743,0.0018034133,-9.878641e-05,-0.003696293,0.0022744732,0.0009356337,0.0015063159,-0.007134324,0.004116434,-0.004186821,0.0018526438,0.004166283,-0.002364239,0.004245294,-0.0011066789,0.0026875485,-0.0012352114,-0.00241996,0.0010714289,-0.0009253544,-0.00025119103,-0.0021801977,-0.0020700332,-0.0007784858,-0.0017465248,-0.002558821,-0.003760154,-0.0010204739,-0.0012608123,-0.0012317026,-0.0007437319,1.7417944e-05,-0.0030108846,0.0032673185,0.0028876644,0.0024535628,-0.0005432532,-0.0017928012,-0.0011471617,-0.0013530935,8.845364e-05,-0.001997211,0.0017502992,-0.0018314377,0.0019635253,-0.0036518124,0.00063187775,0.0018189284,-0.0029792527,0.003436101,0.0029240742,0.001541689,-0.00082464237,0.0019512067
-0.0014099715,-0.0003033648,0.002971968,-0.0008148524,0.00099159,-0.0014891813,-0.0017028946,-0.0007039645,0.0007367671,0.0013844561,-0.00015981562,0.0007185391,-0.0031520582,0.0015324029,-0.00052752485,0.0017159155,0.0009444662,0.00044923992,-0.004333836,-0.0036282348,9.6953345e-06,-0.0011545403,0.00069621764,0.0020429464,0.0027792195,0.002274548,0.0017691789,-4.6625402e-05,-0.0042115403,-0.0034516628,-0.004941143,-0.001175307,0.0030203904,-0.0032482801,0.003956007,-0.00095799926,0.0021276178,0.0011979783,-0.0017602035,-0.0016720623,-8.957061e-05,-0.0017067521,-0.001786542,-0.0023093766,0.0027402719,0.0007324018,0.0016505494,0.0025400133,-0.00046814047,0.0028547605,-0.001523616,-0.0014062936,-0.0072102337,-0.0031577866,-0.0011371583,-0.0013704167,-0.00014988978,0.000710202,0.0015518019,0.0007783902,-0.000648085,-0.0021332365,0.00077321666,0.004206058,0.0004546919,0.0006799336,0.00252129,0.003615064,-0.005284618,0.0019704828,-0.0008950354,5.464096e-05,-0.002497479,-0.004537277,0.00067095266,-0.001448987,-0.00053908996,-0.0009291088,-0.0023086786,-0.0017587076,-0.0026813815,-0.0042320946,0.00094217795,0.0028009221,-2.272427e-06,-0.0010767748,0.0020269225,-0.0005693183,-0.0010570724,0.0010784558
0.0024539202,0.0023939423,0.0018234069,0.0036853093,-0.001027913,-0.0028225547,-0.0008494195,-0.0010212496,-0.0012687434,-0.0018709393,0.003626204,-0.000792469,0.0040342873,0.0013402107,-0.00053031073,0.0029553096,-0.00036755885,-0.001764229,-0.0013313314,-0.0036648219,0.0016349155,-0.0011859573,0.0003732524,0.0027718982,0.0037024166,0.0005814609,0.0025973218,0.00033551228,-0.0031796312,-0.0027402076,-0.002118758,-0.0005307314,0.0028322572,-0.0018316614,-0.0035725061,0.0029999996,0.00030322062,-0.002150856,-0.0005534028,0.0033368587,0.00024209834,0.00039373187,-0.001546127,0.0007040358,0.0018044793,-9.0986534e-05,-0.0019829003,0.002208862,-0.0005571807,0.0045147515,0.002287128,-0.0009904392,-0.0036175384,0.0023511199,-0.00053266715,-0.0009389151,0.0035908136,-0.0029328992,-0.00013121989,0.0038216817,-0.00084037904,-0.0013506281,-0.0021998566,-0.003802821,-0.0008672758,-0.00090204336,0.0033644976,-0.0006111068,-0.00032689807,0.0014893812,0.00062072533,3.0828018e-05,-0.0002454586,-0.002134667,0.0008356611,0.0032329909,0.0024165828,-0.002585013,-0.0023857872,-0.0018280625,-0.002682254,0.00050286186,0.0007985624,0.0052700816,-0.001982716,-0.0018591618,0.001663971,-0.0014444521,-8.991397e-05,-0.0004088845
-0.0023285195,0.0002360334,0.004166115,0.0011476281,-0.0023139848,-0.0012501003,0.0044113486,0.0022141475,-0.0028209614,-0.0030671672,0.0013007121,-0.0010737827,-0.0046310755,0.0054088566,-0.0012170863,-0.0011629123,-0.0010638387,0.0015553526,-0.0009884316,0.002094672,-0.00058616436,0.0005706032,0.0059939474,0.0036915764,0.00198134,-0.0013252911,0.005352594,0.0040730783,0.0015912656,-0.0074386387,-0.0067782886,0.00050578796,0.0040768203,-0.0049291705,0.0026175294,-0.0038184535,0.004191297,0.0018741101,-0.0034580224,-0.006157808,-0.004329293,0.00028695585,-0.0031690157,-0.00068604434,0.0017781685,-0.00076900766,0.0025989844,0.00055132667,-0.004109453,0.0011770607,-0.0024748303,0.00031393,0.00066029024,0.0040519508,-0.0022609106,0.002036516,0.0012683525,0.0048823454,0.00024332378,0.00037739705,0.00079597224,0.00023659912,-0.0011108405,-0.0005666153,-0.002664768,0.0012526511,-0.0026912733,0.0031786512,-0.00491582,0.0023865004,0.007158156,0.0016380477,0.002813789,-0.0041928585,0.00562668,0.0011650835,0.0016216687,0.00016852462,-0.0029834162,-0.0025916907,-0.0017490843,0.0017090723,-0.0011283616,0.00045350892,-0.002881515,-0.000644548,0.0016345627,0.0020390016,0.002103525,-0.0010446736
0.0016920886,0.0016345064,0.0028581233,-0.0018397993,-0.0021674724,0.0017692192,0.00034996666,-0.00073760364,-0.0011882567,-0.0008602033,-0.0018468353,-0.0019407672,-0.00072183483,0.0019555688,-0.0021098352,-0.0007582556,0.0012646941,-0.0013589378,-0.0046190475,0.0012107955,0.002287296,-6.8701076e-05,0.001003477,-0.0009899697,0.004565404,0.001132136,-0.00016153364,0.0014770863,-0.00032494642,-0.00037503734,-0.0050314604,-0.0009944468,0.005860282,-0.0026997114,-0.00134909,0.00042211398,0.00027791443,0.003987523,-0.00026988462,-0.0016624973,0.0013818685,-0.0010894607,-0.0010473066,-0.003563587,0.0025997201,-0.0032556038,-0.0013966593,0.0059133233,-0.0011234039,0.0041492064,0.001264121,0.0005248901,-0.000356302,-0.0012551751,-0.0014322114,-0.0003922641,0.0023763531,-0.0009794659,-0.00023026462,-0.0014010599,-0.00028142764,5.967995e-05,-0.0031816678,-0.0014011717,0.0034706646,0.0013270356,0.0031444235,-0.00075876,-0.0001709834,-0.0012277114,0.0017182854,0.00037508385,-0.00028693257,0.00040458806,-0.0037705803,0.0015438078,0.0014830118,-0.0014457774,-0.00015119177,-0.0028059664,0.001456783,0.00032086624,0.0001611113,-0.00025810176,-0.0035418917,0.0025821952,0.005196588,0.00065546634,-0.0015984989,0.0022834144
0.005224952,0.0012887974,0.0047697583,-0.00081506436,-0.003044897,-0.0011816635,0.0013921313,0.0011388324,-0.0016338216,0.00077988906,0.0034670143,-0.0022316133,-0.0019464522,0.0015682852,-0.0016975271,-0.0051529477,0.0012368896,-0.0015472169,-0.0020693417,0.00033905156,0.00044506788,0.0007992851,0.0015034355,-0.0018407232,0.0048388806,0.0006347133,0.0008799693,0.0047976663,0.0053243376,-0.0061078276,-0.005602615,-0.0031555255,0.005564676,-0.004974274,-0.0017030229,-0.0013585314,0.0039072144,-0.0012775644,-0.0013118611,-0.0009956807,0.0003867671,0.003326819,4.1996904e-05,-0.003117686,0.00028164836,-0.0016332609,-0.0027903512,0.00398593,0.00012373691,0.004157265,-0.0021225696,0.0006679588,5.0103525e-05,0.0013262685,-0.001020694,-0.00045061638,0.0020304306,-0.00028420202,-0.0011575675,5.7288446e-05,-0.0052887425,-0.0017063078,-0.0034618154,-0.0051320214,0.0013578661,-0.0021964437,-0.000932486,-0.0027706968,-0.0015901859,0.0021972891,0.001327727,0.0015449753,0.0021061685,-0.00037463722,0.0026895038,-0.0017410341,0.004934764,-0.0027252764,-0.0008216051,-0.0010491306,-0.00025040263,-0.0008768511,-0.0017236321,-0.005304717,-0.0028631038,0.0026319062,0.0015966692,0.00059998786,0.0032260844,-0.0029108336
0.0017709394,0.0016080963,0.0015811628,-0.00065497134,-0.003606636,0.0016955294,0.0036326062,0.0022719656,-0.0043900204,-0.000830703,0.00096117856,-2.0426614e-05,0.00091469876,0.0007352284,1.7437686e-05,-7.1632545e-05,0.00091842044,-0.0004906066,-0.0034386946,-0.004242343,5.9234244e-05,0.0020748677,0.0010649367,0.0007243804,0.0056216335,-4.211594e-05,-0.004392998,0.00044024663,0.0013387632,-0.0020553253,-0.0055711954,-0.0018700585,0.0014070777,-0.001797038,0.0006219312,7.217274e-05,0.004428852,-0.0018068013,0.000112785514,-0.0031177446,0.0038821357,0.0024736337,-0.0012988712,0.00023488488,0.0050569037,-0.0007400845,-0.0006407453,0.0053615556,0.00076971744,0.0029980147,-0.0015969735,0.00023256907,-0.00019721324,0.0019723643,0.00031882484,-0.0030379056,0.0064670215,0.0009111944,-0.0010209607,-0.001345234,-0.003706639,-0.0055919862,-0.0045044944,-0.006105646,0.0009244695,-0.0023871977,-0.0018871819,-0.0053815995,-0.0028106985,-0.0009117956,0.00045205367,0.0019751417,0.0030028296,0.002525033,-0.0017213909,-0.0015375093,-0.0006610142,-0.0019027449,-0.0014651587,3.673256e-05,0.00014894984,-0.0013128462,0.002493793,-0.0043769185,-0.0005042347,0.002456472,0.0013021193,0.0037420637,0.0005834241,-0.0013201149
0.0005849385,0.0004953699,0.0029730478,0.0037649896,0.000451512,0.0013150882,-0.0025279168,-0.00071535417,-0.002855021,0.0002002099,0.0007808066,-0.00025234194,-0.00034198974,0.0029130552,0.0031140926,0.0016895384,-0.000984872,0.00096878735,-0.0038661205,-0.0012637845,8.1568214e-05,0.0009141294,-0.0020844494,0.0015808884,0.0033212218,-0.00057767064,0.002553523,0.0037289343,-0.0017742061,0.00039956477,-0.0011729694,-0.0017875943,0.0040623373,-0.0034404085,0.002850346,0.00028101946,0.00057468435,0.0031909556,0.0010120738,-0.00016875383,-0.002487044,-0.0007214674,-0.0029591552,-0.0027492396,0.0032761083,0.0021864702,-0.0005239293,0.00578609,0.001560307,0.0018349718,-0.00036729602,-9.576045e-05,-0.0040437174,0.004019784,-0.0016809099,0.0009725086,-0.0018031861,-0.00072440144,0.002638388,0.0014393672,0.00039999728,-0.002534415,-0.0005090135,0.001591206,-0.0023646392,0.000315317,-0.00077182526,0.0026705419,-0.0014740553,0.0039194664,0.003315059,0.0018949725,-0.00087196275,-0.005454919,-0.00036189597,-0.0013790636,0.0029699567,-0.0020778184,0.0019453594,-0.00074327824,0.00052319374,-0.0027889975,-0.0010372542,0.0037859012,-0.001775672,-0.0014587394,-0.00042527617,0.00037798338,-0.00040398305,0.00027051204
0.0003052181,0.0025099698,0.0005081106,0.0036867883,0.00022036489,-0.0011900725,-0.004033433,-0.0012048505,-0.0003818825,-0.0030309525,0.0048545236,0.0010728559,0.0033072142,0.00031202898,-0.0027347994,-0.0013552839,0.0005228685,-0.0003317594,-0.00012525132,-0.006537718,0.002965824,-0.0015087503,0.002561332,0.0014278117,-0.00016301544,-0.0016738131,0.0042622644,-0.00051206065,-0.0034733124,-0.0048030694,-0.00038998626,-0.0025339965,0.0052949265,-0.0024903251,-0.0013353975,0.0018296904,-0.002144501,-0.0038163853,0.00041948602,0.0024465634,-0.0012100012,0.00042526217,0.00095455337,-0.0017169748,0.00019544984,0.001001662,-0.00015546408,0.0011497074,0.00058887206,0.0037732448,0.0006635853,0.002092526,-0.005018329,0.0030044087,0.0007842379,-0.0021669585,0.0032324637,-0.0047931415,-0.0018827232,0.0006655842,-0.0021875545,-0.0015378187,-0.0048872977,-0.001084524,0.0010894097,0.002827384,0.004399509,7.4408614e-05,-0.0009457619,0.0034808407,-0.00061089674,-0.0021819926,0.00078140263,-0.0006279462,-0.0006272071,0.0016775032,0.00093018037,-0.003893969,-0.0030976038,-0.0022788788,-0.001500693,0.0011183701,0.0027565311,0.004032032,-0.00023340827,0.00018573855,0.0021359543,-0.0016533724,-0.00068649807,0.0007749832
-0.002447876,-0.00017032881,0.004997257,-0.00022070564,0.000786452,-0.002349557,0.000106635096,-0.0014795075,-0.0016433657,-0.0036949138,0.0032098133,-0.0016517965,0.0010589897,0.00076152704,-0.0014321797,-0.00388004,-0.0006849341,0.00063794316,-0.00485398,-0.0022039078,0.0012190428,-0.00033928093,0.00016077049,0.0037907003,0.003980533,0.0042022006,-0.0012015646,0.006153714,-0.002444411,-0.002049256,-0.00072418095,-0.0027803879,0.0031681198,-0.0020680865,0.00401277,-0.002011883,0.0012908855,-0.0011365941,-0.0019175796,-0.0007776611,-0.001369784,0.002248546,-0.002409412,-0.005052071,0.002741296,0.0012365463,0.0009272924,0.002628683,-0.00091749453,0.0017426962,-0.002248671,-0.002726779,-0.0031548205,-0.0006965266,-0.0034442157,8.2319544e-05,0.0021588735,0.00030520803,-0.001192369,0.0012002047,-6.328622e-05,-0.005062017,0.0026558933,0.002479584,-0.0016895739,-4.716459e-05,0.0028942204,0.002392424,-0.0026769335,0.004317983,0.000828235,0.0024874061,-0.0011514041,-0.004678787,0.0029024032,0.0005284311,0.0011423739,0.00015108347,0.001274875,-0.00039949932,0.00085122616,-0.003398476,0.00177036,0.00057405385,0.0011258035,-0.00043666424,0.001597442,0.001540865,0.0022077563,-0.0023099247
0.0006937362,0.003543366,0.0028938064,0.0043090745,0.0022139105,0.00090122176,-0.00464393,-0.0015829821,0.0018330462,-0.0018641362,0.0037092424,-0.0014213668,0.0039924765,-0.00085505703,-0.0015493011,-0.00125406,0.0010914825,-0.0005316721,-0.0041263243,-0.005481155,0.002756849,-0.0016471912,0.0026745435,0.0034975416,0.0005938565,0.0010158877,0.00022881707,0.0007608879,-0.004155504,-0.0055374303,-0.0027985044,-0.0029565766,0.0050971676,-0.0030739717,-0.0017153188,0.001786277,-0.002622855,-0.0026763862,-0.0020754675,-0.00060975616,-0.0017838404,0.00028725606,0.00051523047,0.00046329014,0.0037081258,0.001572737,0.00070407783,0.0037908033,0.0011774843,0.001815584,-0.001989817,-0.0012606,-0.0060285567,0.002592608,-0.0015454014,-0.00060791924,0.0025922765,-0.004158079,-0.002583254,0.0012256908,-0.0021468902,-2.6720232e-05,-0.0042003565,-0.0026828072,0.000450841,0.002375013,-5.044829e-05,-0.0004444398,0.0015294557,0.003305791,-0.0007795748,0.0031857092,-0.0006582329,-0.0029301532,-0.00015691738,0.000706064,0.0019294368,-0.0053260736,-0.002646351,-0.0040307413,0.00016303791,0.0007408731,0.0033941222,0.006783169,-0.0008560472,0.00022093095,0.001370485,-0.0015996642,-0.0015748633,0.0033422678
0.0025044493,0.002051118,0.004577045,0.0032064684,-0.005002305,0.00020916636,0.0055037807,0.0038909463,-0.0032973047,-0.0017938269,0.0009763823,0.00087317877,-0.0038581106,0.0008323511,-0.001175116,0.0005584645,0.0017654366,0.00074110896,0.0016537077,0.00034493752,-0.004034685,0.0014896699,0.002363531,0.002972393,0.0023583856,-0.0008828773,0.00177889,0.0052213366,0.0019442225,-0.0011837067,-0.004859553,-0.0027214636,0.003879639,-0.0028399823,-0.0032453956,-0.0036320451,0.003791331,0.0036095334,0.0005246823,-0.00096111995,0.0009121283,0.0023872887,-0.0015872121,-0.0011876886,0.0020332194,-0.004121353,0.0018908103,-0.00071675517,-0.0010566384,0.0043672603,-0.002990897,-0.00081682595,0.0025927823,-0.00081174285,0.00031234804,0.0024015063,0.0023978427,-0.0001366185,-0.0023669924,0.0015205406,-0.0025767393,-0.00038251502,-0.006642288,-0.0036543056,0.0012777244,0.0024928127,-0.00032937355,-0.00014121195,-0.0016368547,0.0006628749,0.0021437171,0.003121964,0.00028361412,-0.0025958784,0.0014586305,0.0026158001,0.0061459355,-0.0025830003,-0.003973208,-0.00048399167,0.005565062,-0.0048856987,-0.004936479,-0.0022293443,-0.005028823,0.003289217,0.0025081504,0.003947923,0.0017476153,-0.0030489394
0.0056477846,-0.0009942058,0.0012036883,0.0031495218,0.0022502255,0.00023780826,0.002267958,0.0003003786,-0.0032470038,-0.001476536,0.00020879161,-0.0028871675,0.002395245,6.7192545e-05,0.001270466,0.000713711,0.0013508949,-0.0013557406,-0.00032205222,-0.00035288796,-0.0004667208,0.003275994,0.0025464604,0.00010203788,0.004728942,0.0036807512,0.00032755116,0.005784646,0.0015115603,-0.0029664198,-0.0016803242,0.0017858448,0.0041722218,-0.0022763584,-0.001406028,0.00033917857,0.00063419645,0.0014675438,0.0010330644,-0.0022627206,0.0003103442,-0.0015040287,0.00077066827,-0.00056535465,0.00083930645,-0.0015110762,0.000517219,0.0006375444,0.0021774163,0.0038877348,-0.0022835592,-0.0011282545,0.0020669715,-0.00085899973,-0.0011093781,0.00081717316,-0.0014937887,0.0011631665,0.001718734,0.0011708799,-0.0014949003,-0.0013728912,7.098334e-05,-0.0017759092,-0.00056813937,-0.0013432088,0.002111631,-0.0035019007,-0.0020782608,-0.0003553017,0.0019903958,0.00289385,0.004092662,-0.0027962653,-5.7408222e-05,0.0011652256,0.00016489046,-0.0018408166,-0.0031252906,-0.0014183364,0.00029998727,0.0018008649,-0.0041734087,-0.0009395442,-0.001124589,0.0010460564,0.00300219,0.0046857316,-0.0015705315,-0.0019021755
-0.0019837206,0.0034304003,-0.00354405,0.0013030706,0.00051160826,-0.00077578425,-0.0027591467,-0.0037857064,-0.00033744215,-0.0014679503,-0.0012373514,-0.00073755794,0.0063494123,0.0009481963,0.0022678291,0.002689317,-0.00019923376,0.0015768566,-0.0030592885,-0.0020415243,0.004020478,-0.0044549317,0.0016638292,0.0026919276,-0.0011896796,0.00021188874,0.0013214337,0.002385106,-0.0035308118,-0.0037752173,-0.002337884,-0.00063149,0.0017907337,-0.0016055797,0.004092317,0.004026097,0.00242238,0.00011966913,-0.00019323795,-0.00382825,0.0007709845,0.0061038714,-0.0021782988,-0.00088861986,0.0012162742,-0.0032659995,0.000753862,0.006395414,0.004449994,0.0030885972,0.00323808,0.0015238208,-0.0042622117,0.0033975516,0.0028678828,-0.00091394846,0.0054777325,-0.0013844905,-0.0026040582,-0.00020826701,0.00063973543,-0.0002706738,-0.004159077,-0.0014295747,-0.0018454859,0.0017450833,0.0007825836,0.00023896659,-0.00051168824,0.005379477,0.0030451377,0.0030419482,0.00088658795,0.0012164131,0.005438864,0.0038694774,0.004091571,-0.0015934752,-0.0026625234,-0.0020544797,3.1756936e-06,-0.00050760654,0.001479149,0.00012370262,0.002645104,-0.00082500075,0.00080034666,0.00043301992,0.0028064875,-0.0023537392
0.0018277441,0.0008089587,0.0004308017,0.0007526003,-0.0019280501,0.0010232104,0.0016781925,-0.0009988287,0.0011942636,-0.0043001594,0.004267229,-0.0017556676,-0.0013632916,0.00039587927,-0.0020971827,-0.0031836166,0.0061309226,-0.0021291517,-0.0039666058,-0.0013885221,0.002254067,0.0012902855,0.0021250395,-0.0027552438,0.00828698,0.00063525606,-0.000971006,0.00423797,-0.0007980042,-0.0033187787,-0.0049043945,0.0019677472,0.0036058489,-0.00080798136,-0.00016469849,-0.0012470761,0.0032283557,-0.0012842992,-0.0013741092,-0.0017260842,0.0013764107,0.0006827269,0.0015449076,-0.004164393,0.0038890345,-0.001435333,0.0012680026,0.0051376666,-0.00117513,0.003243987,0.00015530013,0.0020407012,-0.0022449945,-0.0018908712,-0.0029872577,0.00015087385,0.0013465777,-0.001155495,-0.00062557403,-0.001824673,-9.165652e-05,-0.0011334578,-0.0027169005,-0.0029058806,-0.0009542851,0.00026113735,0.0011547158,-0.0028701278,-0.002536417,0.0019129622,0.00041854568,0.002972751,-0.0016025256,-0.00044073444,0.0016279251,0.00041099195,0.004171118,-0.0024213754,-0.0026791596,-0.004363907,-0.00019402374,-0.00043598763,-0.00024552725,-0.00031838298,-0.0027637116,0.0059551094,0.0029811983,0.00049198564,0.0009670993,0.0007379637
-0.00030570058,0.002480693,0.0030514789,0.0018259606,-0.0027514729,0.0014130136,0.00056079123,0.0026258533,-0.0022500418,-0.00017262912,0.0018956828,-0.0046674204,0.0007904292,-0.0011532728,-0.002136806,-0.00022262557,0.0002440925,0.0007643207,-0.0035102058,0.0004922588,2.1462995e-06,0.0014242067,0.0021257803,0.003426604,0.004863999,0.0011256427,-0.000488193,0.0014278532,-4.1337418e-07,-0.0047203014,-0.0061985436,0.00035509482,0.0009613978,-0.0069508734,-0.0006966454,-0.00208013,0.0032566476,0.0028025468,0.00075930246,-0.0015182619,0.0017616589,-0.0011124209,0.0015303874,-0.0022260032,0.0020094528,-0.0013918105,-0.0014069156,0.004193055,0.0009778413,0.0011913079,-0.0019817683,-0.0013027505,0.0016799787,-0.0025024146,-0.0032096372,-0.0012603865,0.0041511944,-0.00082510256,-0.0021356624,-0.0008559671,-0.0029440501,-0.0013729967,-0.006620422,-0.0035859558,-0.0015429768,-0.0012419631,-0.00036581286,-0.00012397187,-0.00039031656,0.00023988841,0.0014379576,-0.001083212,-0.0006912857,-0.0003771714,0.0014048604,-0.0026337353,0.004040757,-0.004054719,-0.0019746025,-0.0022602193,-0.0017680016,-9.204038e-05,-0.0004744716,0.0028164443,0.0021969618,0.0009750104,0.0037257245,0.0018323809,0.0008256041,-0.00051335973
